Classifier,Accuracy (%),Precision (%),Recall (%),F1-Score (%),Train Time (s),Test Time (s),Train Memory (MB),Test Memory (MB),CO₂ Emissions (g)
GaussianNB,79.43400226116451,84.73631570332549,79.43400226116451,77.73556579789891,0.13732290267944336,0.1172785758972168,1020.98828125,1021.48828125,7.7039914874336e-07
KNN,99.6148954211419,99.61488676345216,99.6148954211419,99.61486615914347,0.4113759994506836,50.732828855514526,1022.11328125,1022.23828125,0.00012001905841685117
RandomForest,99.69262295081968,99.69284755926519,99.69262295081968,99.6925608749057,8.327224731445312,0.42143750190734863,1022.73828125,1022.86328125,2.0602499086782034e-05
AdaBoost,99.17856133408705,99.17878738604642,99.17856133408705,99.17832505213386,2.9540555477142334,0.2975349426269531,1023.11328125,1023.11328125,7.654981168591434e-06
LogisticRegression,95.28511871113623,95.66482066156448,95.28511871113623,95.30667442612764,0.38756728172302246,0.07744145393371582,1023.98828125,1023.98828125,1.0938189669232132e-06
DecisionTree,99.64669304691917,99.64701609930225,99.64669304691917,99.64660805083582,0.3177168369293213,0.09040689468383789,1023.98828125,1023.98828125,9.6112399468688e-07
