Classifier,Accuracy (%),Precision (%),Recall (%),F1-Score (%),Train Time (s),Test Time (s),Train Memory (MB),Test Memory (MB),CO₂ Emissions (g)
GaussianNB,78.18014407192764,86.06056093555951,78.18014407192764,78.51186817519256,0.30442357063293457,0.26223254203796387,1196.12109375,1142.4921875,5.314606045355662e-08
KNN,99.76222715701674,99.76220581758552,99.76222715701674,99.76221164708554,0.48827672004699707,141.2352488040924,1267.33203125,1205.21484375,0.00033257245639283504
RandomForest,99.82993013053132,99.83036593093571,99.82993013053132,99.82984141361226,67.71775150299072,0.6831338405609131,1205.21484375,1205.21484375,0.0001601979949787696
AdaBoost,99.47516654931484,99.47511027711758,99.47516654931484,99.4751340715024,38.77060031890869,0.4912078380584717,1205.21484375,1205.21484375,9.192324257202931e-05
LogisticRegression,97.75713589340845,97.75779968785874,97.75713589340845,97.75744640306876,5.408079385757446,0.09315800666809082,1267.76171875,1205.41015625,1.2877170610844988e-05
DecisionTree,99.33163624546391,99.33802195041993,99.33163624546391,99.3325654347481,4.584103345870972,0.10588788986206055,1205.41015625,1205.41015625,1.0979933999138873e-05
