Classifier,Accuracy (%),Precision (%),Recall (%),F1-Score (%),Train Time (s),Test Time (s),Train Memory (MB),Test Memory (MB),CO₂ Emissions (g)
GaussianNB,99.91126044509893,99.9112437736382,99.91126044509893,99.91123299745243,0.7816565036773682,0.26406216621398926,1604.30078125,1396.02734375,4.1355243271312896e-06
KNN,99.99752738082319,99.99752753278716,99.99752738082319,99.99752741607577,15.054879426956177,347.0443985462189,1526.2890625,1675.765625,0.0008552524915935865
RandomForest,100.0,100.0,100.0,100.0,183.9064838886261,1.2481904029846191,1733.26171875,1576.4921875,0.00043329085187018547
AdaBoost,100.0,100.0,100.0,100.0,3.6127028465270996,0.18012738227844238,1669.08984375,1576.56640625,8.879688943025519e-06
LogisticRegression,99.99642843896683,99.99642848196618,99.99642843896683,99.99642845594094,2.1719040870666504,0.1334667205810547,1746.953125,1565.58203125,5.401814719628704e-06
DecisionTree,100.0,100.0,100.0,100.0,3.405137062072754,0.17167019844055176,1669.171875,1576.578125,8.374046744606829e-06
