Classifier,Accuracy (%),Precision (%),Recall (%),F1-Score (%),Train Time (s),Test Time (s),Train Memory (MB),Test Memory (MB),CO₂ Emissions (g)
GaussianNB,80.538259872194,82.94195735750303,80.538259872194,80.35000643094425,0.17505764961242676,0.13089489936828613,1024.36328125,1024.36328125,2.2794323470923352e-08
KNN,87.42012125184336,87.42846643087944,87.42012125184336,87.42276549232804,0.11638283729553223,12.444218158721924,1024.36328125,1026.36328125,2.968765836272899e-05
RandomForest,88.78010814353597,89.34749346790912,88.78010814353597,88.77870412929838,18.80814218521118,0.2640395164489746,1026.61328125,1026.61328125,4.479618345174016e-05
AdaBoost,85.78363100114697,86.34394939382727,85.78363100114697,85.78124563966048,14.44825553894043,0.3211698532104492,1026.61328125,1026.61328125,3.45982268075856e-05
LogisticRegression,81.78354907422579,83.75703221464596,81.78354907422579,81.65569628428129,0.7117724418640137,0.08468747138977051,1026.61328125,1026.61328125,1.8684288626590667e-06
DecisionTree,88.58348353268885,88.69386726592623,88.58348353268885,88.55320479800764,1.4889497756958008,0.11127972602844238,1026.61328125,1026.61328125,3.750088717122088e-06
