Classifier,Accuracy (%),Precision (%),Recall (%),F1-Score (%),Train Time (s),Test Time (s),Train Memory (MB),Test Memory (MB),CO₂ Emissions (g)
GaussianNB,78.42254580257041,84.95902486785218,78.42254580257041,77.85654722360049,0.29396486282348633,0.2195124626159668,1281.28515625,1279.21875,2.1586749271436517e-06
KNN,99.78739403882965,99.78743025157422,99.78739403882965,99.78740039906927,0.2533748149871826,348.2878658771515,1410.921875,1351.66796875,0.000817270458869683
RandomForest,99.79423024336889,99.79423606176373,99.79423024336889,99.79423209525262,107.29635500907898,1.1545979976654053,1359.078125,1307.19140625,0.0002539369166926889
AdaBoost,98.71069182389937,98.72452774677961,98.71069182389937,98.71149985781707,59.16352033615112,0.8090074062347412,1359.19921875,1307.1171875,0.0001403596041447297
LogisticRegression,92.72593656002186,93.38125659403137,92.72593656002186,92.73820468794554,9.337011098861694,0.1473071575164795,1411.3671875,1307.26171875,2.2194840211174725e-05
DecisionTree,99.80687722176647,99.80687581989673,99.80687722176647,99.80687600264957,8.138673782348633,0.1292555332183838,1359.234375,1307.16796875,1.9350740277580788e-05
