Accuracy (%),Precision (%),Recall (%),F1-Score (%),Carbon Emissions (kgCO2eq),Inference Time (s),Max Memory (MiB)
79.43400226116451,86.67961036857848,75.83707614330591,76.49061392761115,1.8776782015787188e-07,0.0794825553894043,165.11328125
