Accuracy (%),Precision (%),Recall (%),F1-Score (%),Carbon Emissions (kgCO2eq),Inference Time (s),Max Memory (MiB)
90.00052921253176,91.34266487449729,89.38806563714911,89.77134152439096,2.5114694414609497e-07,0.10654687881469727,186.02734375
