Accuracy (%),Precision (%),Recall (%),F1-Score (%),Carbon Emissions (kgCO2eq),Inference Time (s),Max Memory (MiB)
99.34377646062659,99.37767618892464,99.30676908997229,99.33998060823464,1.1482756082481225e-06,0.49010396003723145,179.734375
